nik,status_bansos
3204166610100000,rejected
3204166409100001,accepted
3204165010100002,rejected
3204164107100003,accepted
3204165504100004,rejected
3204164406100005,rejected
3204164709100006,rejected
3204160708100007,accepted
3204165002100008,rejected
3204160101100009,rejected
3204160502100010,rejected
3204166805100011,rejected
3204164107100012,rejected
3204164107100013,accepted
3204164808100014,accepted
3204166101100015,rejected
1207235901100016,rejected
3204164101100017,accepted
3204164107100018,rejected
3204164107100019,rejected
3204165209100020,rejected
3204175409100021,rejected
3204385078100022,rejected
3204162612100023,accepted
3204161003100024,rejected
3204165504100025,accepted
3204165111100026,rejected
3204162309100027,accepted
3204165404100028,accepted
3204165102100029,rejected
3204164510100030,rejected
3204164502100031,rejected
3204164505100032,rejected
3204164101100033,rejected
3204164503100034,rejected
3204165510100035,accepted
3204165205100036,rejected
3204165003100037,accepted
3204166911100038,rejected
3204160107100039,rejected
3204164907100040,rejected
3204166306100041,accepted
3204164503100042,accepted
3204165010100043,rejected
3204165402100044,rejected
3204164406100045,accepted
3204164505100046,rejected
3204161004100047,accepted
3204164107100048,accepted
3204164705100049,accepted
3204166406100050,rejected
3204165102100051,accepted
3204164107100052,rejected
3204164103100053,accepted
3204164206100054,rejected
3204162311100055,rejected
3204165704100056,rejected
3204164805100057,accepted
3204165002100058,rejected
3204164304100059,accepted
3204165601100060,rejected
3204166102100061,rejected
3204165503100062,rejected
3204166003100063,rejected
3204165212100064,rejected
3204165607100065,rejected
3204165002100066,accepted
3204165802100067,rejected
3204166507100068,accepted
3204165108100069,rejected
3204164404100070,accepted
3204160812100071,rejected
3204164709100072,rejected
3204164202100073,rejected
3204326522100074,accepted
3204164107100075,rejected
3204164107100076,rejected
3204164505100077,rejected
3204166304100078,accepted
3204164311100079,rejected
3204164107100080,rejected
3205184107100081,rejected
3204162101100082,rejected
3204164903100083,rejected
3204165002100084,rejected
3204164907100085,rejected
3204164203100086,accepted
3204164402100087,rejected
3204164603100088,accepted
3204162801100089,rejected
3204164406100090,rejected
3204164802100091,rejected
3204166404100092,accepted
3204164403100093,accepted
3204164312100094,accepted
3204164808100095,accepted
3204164201100096,accepted
3204160510100097,rejected
3204166911100098,accepted
3204164406100099,accepted
3204167103100100,rejected
3204162102100101,rejected
3204164804100102,rejected
3204164602100103,rejected
3204165103100104,rejected
3204146705100105,rejected
3204161586100106,rejected
3204164506100107,accepted
3204164107100108,accepted
3204166001100109,rejected
3204324501100110,rejected
3204325309100111,accepted
3204326306100112,rejected
3204325512100113,accepted
3273225402100114,rejected
3204324501100115,rejected
3273225402100116,accepted
3204326112100117,rejected
3204326502100118,accepted
3204321901100119,accepted
3204325601100120,rejected
3204325604100121,rejected
3204325604100122,rejected
3204326604100123,accepted
3204321206100124,rejected
3204324810100125,rejected
3204326008100126,rejected
3204324101100127,accepted
3204324102100128,rejected
3204324107100129,accepted
3204325008100130,accepted
3204324107100131,rejected
3204324107100132,rejected
3204326301100133,accepted
3204325001100134,accepted
3204324808100135,accepted
3204324205100136,rejected
3204324806100137,rejected
3204324103100138,accepted
3204325101100139,accepted
3204324502100140,accepted
3204324107100141,rejected
3204306705100142,rejected
3204325202100143,rejected
3204320107100144,rejected
3204326112100145,rejected
3204321105100146,rejected
3204325106100147,rejected
3204325010100148,rejected
3204325512100149,accepted
3204326803100150,rejected
3204320107100151,rejected
3204324107100152,rejected
3204404303100153,accepted
3204324206100154,accepted
3204324404100155,rejected
3204140005100156,accepted
3204327012100157,accepted
3204324505100158,accepted
3204326803100159,rejected
3204324204100160,accepted
3204321111100161,rejected
3204125211100162,rejected
3204140002100163,rejected
3204324101100164,accepted
3204325009100165,rejected
3204304111100166,rejected
3204125211100167,rejected
3204321311100168,rejected
3204132106100169,accepted
3204324308100170,accepted
3204324512100171,accepted
3204320802100172,accepted
3204320906100173,rejected
3204120508100174,accepted
3204326607100175,rejected
3204324101100176,accepted
3204324205100177,accepted
3204325201100178,accepted
3204325402100179,rejected
3204325606100180,accepted
3204136109100181,accepted
3204324202100182,rejected
3204327012100183,rejected
3204320608100184,rejected
3204326404100185,rejected
3204320107100186,rejected
3204320111100187,rejected
3204320402100188,rejected
3204320604100189,rejected
3204134909100190,rejected
3204134808100191,rejected
3204134107100192,rejected
3204134107100193,rejected
3217144409100194,accepted
3204135002100195,rejected
3204135404100196,accepted
3204134106100197,accepted
3204130606100198,rejected
3204136908100199,rejected
3204135708100200,rejected
3204135805100201,accepted
3204165308100202,rejected
3204134101100203,rejected
3204131010100204,accepted
3204134610100205,accepted
3204164601100206,rejected
3204134812100207,accepted
3204166606100208,rejected
3204135509100209,rejected
3204136208100210,accepted
3204176909100211,rejected
3204160003100212,rejected
3204134603100213,rejected
3273176805100214,rejected
3204135710100215,rejected
3204136510100216,rejected
3204136801100217,rejected
3204136105100218,rejected
3204440501100219,accepted
3204135608100220,accepted
3204441208100221,accepted
3204130201100222,rejected
3204136207100223,accepted
3204130105100224,rejected
3204135807100225,rejected
3204134408100226,accepted
3204135503100227,accepted
3204135610100228,rejected
3204136307100229,rejected
3204134107100230,accepted
3204134405100231,accepted
3204135608100232,accepted
3204134406100233,rejected
3204134405100234,accepted
3204136006100235,rejected
3204136103100236,rejected
3204134202100237,rejected
3204130504100238,rejected
3204130702100239,accepted
3204064909100240,accepted
3204175006100241,rejected
3204134305100242,rejected
3204135104100243,rejected
3204134705100244,rejected
3204134402100245,accepted
3204135005100246,rejected
3204130107100247,rejected
3204136204100248,rejected
3204135104100249,rejected
3204134101100250,rejected
3204135203100251,rejected
3204135006100252,rejected
3204160001100253,rejected
3204160001100254,accepted
3204135008100255,rejected
3204131209100256,rejected
3204135203100257,rejected
3204134907100258,rejected
3204134507100259,rejected
3204135103100260,accepted
3204134511100261,rejected
3204130808100262,rejected
3204175810100263,rejected
3204134104100264,rejected
3204135507100265,accepted
3204135612100266,rejected
3204136301100267,rejected
3204137006100268,rejected
3204135506100269,rejected
3204136008100270,accepted
3204130606100271,accepted
3204054503100272,rejected
3204136802100273,rejected
3204134401100274,accepted
3204135505100275,rejected
3204134601100276,accepted
3204131310100277,rejected
3204135309100278,rejected
3204134503100279,rejected
3204134108100280,accepted
3204136110100281,rejected
3204134101100282,accepted
3204134710100283,rejected
3204351202100284,rejected
3204134106100285,accepted
3204133004100286,accepted
3204135806100287,accepted
3204130107100288,accepted
3204135108100289,rejected
3204134312100290,rejected
3204160010100291,rejected
3204135402100292,rejected
1605085701100293,accepted
3204130711100294,accepted
3204131602100295,rejected
3204130306100296,rejected
3204134105100297,rejected
3204134101100298,rejected
3204135201100299,rejected
3204085206100300,rejected
3204084708100301,accepted
3273116612100302,accepted
3204081801100303,accepted
3204080109100304,accepted
3204081001100305,rejected
3204086810100306,rejected
3204085608100307,accepted
3204084904100308,accepted
3204085810100309,accepted
3204084201100310,rejected
3204084612100311,rejected
3204085505100312,rejected
3204085506100313,rejected
3204085207100314,rejected
3204084504100315,rejected
3204082608100316,rejected
3204084503100317,rejected
3204085209100318,accepted
3204085309100319,rejected
3204084901100320,rejected
3204084409100321,rejected
3204086103100322,accepted
3204086411100323,accepted
3204081310100324,accepted
3204084112100325,accepted
3204085011100326,rejected
3204081209100327,rejected
3204084101100328,rejected
3204084401100329,rejected
3204084106100330,accepted
3204084204100331,rejected
3204085105100332,rejected
3204085207100333,rejected
3204085808100334,rejected
3204085411100335,accepted
3204085809100336,rejected
3204085703100337,accepted
3204085205100338,rejected
3204085309100339,rejected
3204087012100340,rejected
3204084612100341,rejected
3204085009100342,accepted
3204080511100343,rejected
3204085211100344,rejected
3204084101100345,rejected
3204085103100346,accepted
3204085205100347,rejected
3204084607100348,rejected
3204084101100349,rejected
3204085407100350,rejected
3204084207100351,accepted
3204087101100352,rejected
3204085702100353,accepted
3204084101100354,rejected
3204080101100355,rejected
3204087112100356,rejected
3204085208100357,rejected
3204084305100358,rejected
3204084506100359,rejected
3204444506100360,rejected
3204444505100361,rejected
3204444902100362,rejected
3204445007100363,rejected
3204445109100364,accepted
3204440102100365,rejected
3204442308100366,accepted
3204444110100367,accepted
3204444707100368,accepted
3204444101100369,rejected
3204445011100370,accepted
3204446912100371,rejected
3204447010100372,accepted
3204446405100373,rejected
3204445304100374,rejected
3204446807100375,accepted
3204440808100376,rejected
3204444809100377,rejected
3204441105100378,accepted
3204446410100379,rejected
3204446702100380,rejected
3204446802100381,rejected
3204447001100382,accepted
3204144309100383,rejected
3204444508100384,rejected
3204446006100385,rejected
3204446007100386,rejected
3204445306100387,rejected
3204445405100388,rejected
3204445912100389,rejected
3204444905100390,accepted
3204444104100391,accepted
3204446001100392,rejected
3204446109100393,accepted
3204444107100394,rejected
3204446212100395,rejected
3204445205100396,accepted
3204445604100397,accepted
3204444601100398,rejected
3204445109100399,rejected
3204161001100400,rejected
3204445606100401,rejected
3204444301100402,rejected
3204444105100403,rejected
3204444803100404,accepted
3204441205100405,rejected
3204440101100406,rejected
3204444701100407,rejected
3204445305100408,rejected
3204444806100409,accepted
3204446708100410,accepted
3204444209100411,accepted
3204444909100412,accepted
3204444201100413,rejected
3204444108100414,rejected
3204445501100415,accepted
3204444112100416,accepted
3204445506100417,accepted
3204444107100418,rejected
3204446301100419,accepted
3204175102100420,rejected
3204444208100421,rejected
3204445905100422,rejected
3204444608100423,rejected
3204444210100424,accepted
3204444204100425,accepted
3204445706100426,rejected
3204441406100427,rejected
3204445206100428,rejected
3204446711100429,rejected
3204100010100430,rejected
3204100010100431,rejected
3204100010100432,rejected
3204100010100433,rejected
3204100010100434,rejected
3204100010100435,rejected
3204100010100436,rejected
3204100010100437,rejected
3204100010100438,rejected
3204100010100439,rejected
3204284708100440,accepted
3204255709100441,accepted
3204254707100442,accepted
3204254710100443,rejected
3204256309100444,rejected
3204256208100445,rejected
3204254101100446,accepted
3204255909100447,accepted
3204254510100448,rejected
3204254611100449,accepted
3204255012100450,rejected
3204254506100451,rejected
3204255001100452,accepted
3204250202100453,rejected
3204254110100454,accepted
3204254107100455,rejected
3204100163100456,accepted
3204251401100457,rejected
3204254110100458,accepted
3204255206100459,accepted
3204254505100460,rejected
3204254101100461,accepted
3205105707100462,rejected
3204254609100463,rejected
3204255510100464,rejected
3204256404100465,rejected
3204254708100466,rejected
3204254306100467,rejected
3204256003100468,rejected
3204255710100469,rejected
3204250101100470,accepted
3201255405100471,accepted
3204252812100472,rejected
3204255009100473,rejected
3204254806100474,rejected
3204255506100475,rejected
3204254504100476,accepted
3204100011100477,rejected
3204100011100478,rejected
3204100011100479,rejected
3204251108100480,accepted
3204254101100481,rejected
3204256107100482,accepted
3204255908100483,rejected
3204254506100484,rejected
3204100160100485,rejected
3204256008100486,rejected
3204254902100487,rejected
3204255203100488,rejected
3204254101100489,rejected
3204101006100490,rejected
3204254803100491,rejected
3204255204100492,accepted
3204254709100493,rejected
3204255210100494,rejected
3204280703100495,rejected
3204255210100496,accepted
3204251210100497,rejected
3204254107100498,rejected
3204254107100499,accepted
3204256201100500,rejected
3204254101100501,rejected
3204254511100502,rejected
3204254403100503,rejected
3204256803100504,rejected
3204254101100505,rejected
3204254806100506,rejected
3204254107100507,accepted
3204254403100508,rejected
3204254404100509,rejected
3204254101100510,accepted
3204254607100511,accepted
3204255906100512,rejected
3204255307100513,accepted
3204254908100514,rejected
3204250401100515,rejected
3204254808100516,rejected
3204250307100517,accepted
3204254501100518,rejected
3204254812100519,rejected
3204254107100520,accepted
3204254102100521,accepted
3204254602100522,accepted
3204254709100523,accepted
3204257003100524,rejected
3204255504100525,rejected
3204254101100526,rejected
3204255610100527,accepted
3204255611100528,rejected
3204255007100529,accepted
3204275007100530,accepted
3204254308100531,rejected
3204255601100532,rejected
3204255809100533,accepted
3204256604100534,accepted
3204255111100535,rejected
3204256003100536,accepted
3204251703100537,accepted
3204256508100538,accepted
3204254202100539,accepted
3204255607100540,accepted
3204255406100541,accepted
3204252605100542,rejected
3204255109100543,rejected
3204256311100544,rejected
3204254102100545,accepted
3204256603100546,accepted
3204254211100547,rejected
3204254803100548,rejected
3204256912100549,rejected
3204276508100550,accepted
3204274706100551,accepted
3204274507100552,accepted
3204274607100553,accepted
3204275907100554,rejected
3273164304100555,rejected
3204274608100556,rejected
3204274304100557,accepted
3204275804100558,rejected
3204272203100559,rejected
3204276004100560,rejected
3204276808100561,accepted
3204274101100562,accepted
3204276805100563,rejected
3204274604100564,rejected
3204275007100565,rejected
3204274517100566,rejected
3204276805100567,rejected
3204274107100568,rejected
3204275904100569,rejected
2015300000100570,accepted
3204272409100571,rejected
3204271001100572,rejected
3204275410100573,rejected
3204275006100574,accepted
3204274804100575,accepted
3204274507100576,rejected
3204274607100577,rejected
3204275204100578,accepted
3204274101100579,rejected
3204274207100580,rejected
3204275804100581,rejected
3204274307100582,accepted
3204276110100583,rejected
3204276912100584,rejected
3204275209100585,rejected
3204274101100586,rejected
3204275908100587,rejected
3204275805100588,accepted
3204274101100589,rejected
3204275201100590,rejected
3204085102100591,accepted
3204271212100592,accepted
3204270508100593,accepted
3204271903100594,rejected
3204270204100595,accepted
3204275607100596,rejected
3204275005100597,rejected
3204274802100598,rejected
3204276004100599,accepted
3204274808100600,rejected
3204274112100601,rejected
3204274206100602,accepted
3204272510100603,rejected
3204274806100604,rejected
3204274607100605,accepted
3204274304100606,accepted
3204274405100607,rejected
3204274508100608,rejected
3204271002100609,rejected
3204275209100610,rejected
3204274109100611,rejected
3204275208100612,accepted
3204270206100613,rejected
3204275102100614,rejected
3204276002100615,rejected
3204276705100616,accepted
3204275211100617,rejected
3204275601100618,accepted
3204275507100619,accepted
3204274101100620,accepted
3204276410100621,rejected
3204274102100622,rejected
3204274107100623,rejected
3204274107100624,rejected
3204275608100625,accepted
3204276504100626,rejected
3204274506100627,rejected
3204355010100628,accepted
3204275605100629,rejected
3204274911100630,rejected
3204274503100631,rejected
3204276501100632,rejected
3206195911100633,rejected
3204270212100634,rejected
3204272411100635,rejected
3204272108100636,accepted
3204276609100637,rejected
3204275901100638,rejected
3204275507100639,rejected
3204074808100640,rejected
3204074205100641,accepted
3204076003100642,rejected
3204054105100643,accepted
3204074603100644,rejected
3204072901100645,accepted
3204070401100646,accepted
3204074107100647,accepted
3204071512100648,rejected
3204077011100649,rejected
3204074211100650,rejected
3204404210100651,rejected
3204075107100652,accepted
3204075011100653,rejected
3204106707100654,rejected
3204074107100655,rejected
3204074112100656,rejected
3204074206100657,accepted
3204076407100658,rejected
3204076611100659,accepted
2015300000100660,accepted
3204074402100661,rejected
3204076910100662,rejected
3204076907100663,accepted
3204075506100664,rejected
3204075206100665,rejected
3204075007100666,rejected
3204076712100667,rejected
3204070709100668,accepted
3204077011100669,rejected
3204077103100670,rejected
3204075204100671,rejected
3204076268100672,accepted
3204074710100673,rejected
3211074505100674,accepted
3204075411100675,rejected
3204074305100676,rejected
3204074606100677,rejected
3204070406100678,accepted
3204074211100679,rejected
3273256001100680,rejected
3204075306100681,accepted
3204075012100682,rejected
3204074305100683,rejected
3204075404100684,accepted
3204075008100685,rejected
3204074707100686,rejected
3204071505100687,rejected
3204074204100688,rejected
3204076103100689,accepted
3204074603100690,rejected
3204075005100691,rejected
3204074107100692,accepted
3273116405100693,accepted
3204074101100694,rejected
3204071803100695,rejected
3204071006100696,accepted
3204071203100697,accepted
3204075803100698,rejected
3204076108100699,rejected
3204054403100700,rejected
3204054301100701,rejected
3204059410100702,accepted
3204056212100703,accepted
3204055308100704,rejected
3204055006100705,rejected
3204055106100706,rejected
3204054205100707,accepted
3204055304100708,rejected
3204054508100709,accepted
3204055305100710,rejected
3204054101100711,rejected
3204054101100712,accepted
3204056109100713,rejected
3273206102100714,accepted
3204054901100715,rejected
3204054508100716,rejected
3204052808100717,accepted
3204252609100718,accepted
3204256901100719,rejected
3204054702100720,rejected
3204054606100721,accepted
3204054107100722,accepted
3204055403100723,rejected
3204056705100724,rejected
3204056508100725,rejected
3204054107100726,rejected
3204055203100727,rejected
3204054101100728,rejected
3204056901100729,accepted
3204054802100730,accepted
3204055503100731,accepted
3204055812100732,accepted
3204055210100733,accepted
3204056409100734,accepted
3204056010100735,rejected
3204051506100736,accepted
3204054205100737,rejected
3204055405100738,rejected
3204056808100739,accepted
3204054606100740,rejected
3204056806100741,accepted
3204054107100742,rejected
3204054202100743,accepted
3273165105100744,accepted
3204054608100745,rejected
3204055812100746,accepted
3273266608100747,rejected
3204055102100748,rejected
3204056610100749,rejected
3204055802100750,rejected
3204055806100751,accepted
3204445708100752,accepted
3204054106100753,accepted
3204056304100754,rejected
3204054907100755,rejected
3204054207100756,rejected
3204055601100757,rejected
3204054107100758,rejected
3273255506100759,rejected
3204174707100760,accepted
3204174309100761,rejected
3204174101100762,rejected
3204175210100763,accepted
3204174609100764,rejected
3204175905100765,accepted
3204175011100766,rejected
3204175901100767,rejected
3204174602100768,accepted
3204175804100769,accepted
3204176003100770,rejected
3204175708100771,rejected
3204174312100772,rejected
3204174102100773,rejected
3204175012100774,rejected
3204175301100775,accepted
3204175502100776,rejected
3204174807100777,rejected
3204174305100778,rejected
3204174503100779,accepted
3204175709100780,accepted
3204174110100781,accepted
3204170504100782,accepted
3204175007100783,accepted
3204170609100784,rejected
3204174504100785,rejected
3204164109100786,rejected
3204175306100787,rejected
3204170910100788,rejected
3204173012100789,accepted
3204174505100790,accepted
3204174808100791,rejected
3204174910100792,rejected
3204135603100793,rejected
3204174101100794,rejected
3204176609100795,accepted
3204174101100796,accepted
3204170309100797,rejected
3204176303100798,rejected
3204170403100799,accepted
3204176007100800,rejected
3204175512100801,rejected
3204135012100802,rejected
3204174501100803,rejected
3204174707100804,rejected
3204174606100805,rejected
3204176405100806,rejected
3204174205100807,accepted
3204170101100808,rejected
3204174404100809,accepted
3204174808100810,accepted
3204176005100811,rejected
3204175504100812,rejected
3204170112100813,rejected
3204176511100814,accepted
3204175503100815,rejected
3204174105100816,accepted
3204175212100817,rejected
3204175210100818,rejected
3204175203100819,accepted
3204176401100820,rejected
3204176001100821,accepted
3204176708100822,accepted
3204175902100823,rejected
3204175207100824,rejected
3204174903100825,rejected
3204170303100826,accepted
3204174101100827,accepted
3204174101100828,rejected
3204170101100829,accepted
3204176506100830,rejected
3204176003100831,accepted
3204171406100832,accepted
3204171704100833,rejected
3204040010100834,accepted
3204175202100835,rejected
3204176504100836,accepted
3204170810100837,accepted
3204175110100838,accepted
3204174410100839,rejected
3204030007100840,accepted
3204175607100841,accepted
3204176909100842,rejected
3204174102100843,rejected
3204174509100844,accepted
3204177007100845,rejected
3204174504100846,accepted
3204172404100847,rejected
3204175008100848,accepted
3204176304100849,rejected
3204176107100850,rejected
3204176107100851,accepted
3204176204100852,rejected
3204176302100853,rejected
3204176303100854,rejected
3204176406100855,rejected
3204176305100856,accepted
3204176410100857,rejected
3204176001100858,rejected
3204176101100859,accepted
3204064204100860,rejected
3204064107100861,rejected
3204065009100862,rejected
1472014904100863,accepted
3206194906100864,rejected
3204064101100865,rejected
3204064707100866,accepted
3204060507100867,rejected
3204064802100868,rejected
3204063112100869,rejected
3204060107100870,rejected
3204310009100871,rejected
3204065508100872,rejected
3204310009100873,rejected
3204064207100874,rejected
3204310009100875,rejected
3204061009100876,accepted
3204064505100877,accepted
3204064109100878,rejected
3204066812100879,accepted
3204066104100880,rejected
3204064811100881,rejected
3204064209100882,rejected
3204065212100883,rejected
3204061506100884,rejected
3204060504100885,accepted
3204062505100886,accepted
3204062611100887,rejected
3204065503100888,rejected
3204064107100889,accepted
3204067112100890,rejected
3204066706100891,rejected
3204061609100892,rejected
3204065003100893,rejected
3204064806100894,accepted
3204064909100895,rejected
3204065403100896,rejected
3204064103100897,rejected
3204065003100898,rejected
3204060909100899,rejected
3204061607100900,rejected
3204062909100901,accepted
3204065505100902,rejected
3204063005100903,rejected
3204060706100904,rejected
3204061603100905,rejected
3204051507100906,rejected
3204050702100907,rejected
3204060406100908,rejected
3204060101100909,rejected
3204065505100910,rejected
3204054808100911,rejected
3204067006100912,rejected
3211136301100913,rejected
3204064101100914,accepted
3204060107100915,rejected
3204064101100916,rejected
3204064101100917,rejected
3204064101100918,rejected
3204064904100919,accepted
3204064909100920,rejected
3204064801100921,accepted
3204064801100922,accepted
3204063001100923,rejected
3204066506100924,rejected
3204066508100925,rejected
3204064101100926,accepted
3204064107100927,accepted
3273124312100928,rejected
3204064406100929,rejected
3204064206100930,rejected
3204060607100931,rejected
3204060106100932,rejected
3204065805100933,rejected
3204065608100934,accepted
3204065107100935,rejected
3204060805100936,accepted
3204064404100937,rejected
3204066105100938,rejected
3204065005100939,rejected
3273246708100940,rejected
3204064506100941,rejected
3204064305100942,accepted
3204064505100943,accepted
3204064105100944,rejected
3204065904100945,rejected
3204064306100946,accepted
3204060611100947,accepted
3204064908100948,accepted
3204065804100949,rejected
3204295612100950,accepted
3204294706100951,rejected
3204294405100952,accepted
3204296012100953,accepted
3204295602100954,rejected
3204295601100955,rejected
3204296105100956,rejected
3204295403100957,rejected
3213046010100958,rejected
3204294107100959,rejected
3204296512100960,accepted
9999999999100961,accepted
3204294602100962,rejected
3204295901100963,rejected
3204295211100964,rejected
100965,rejected
3204294111100966,accepted
3204294103100967,rejected
3204296606100968,rejected
3204296207100969,rejected
3204294709100970,rejected
3204294309100971,accepted
3204296012100972,rejected
3204295510100973,rejected
3204294101100974,accepted
3204295211100975,rejected
3204295808100976,accepted
3204294606100977,rejected
3204294404100978,accepted
3204294309100979,rejected
3204296211100980,rejected
3204294306100981,rejected
3204291207100982,rejected
3204291609100983,accepted
3204291702100984,accepted
3204295302100985,rejected
3204294912100986,rejected
3204290112100987,rejected
3204295012100988,rejected
3204296206100989,accepted
3204296004100990,rejected
3204295903100991,rejected
3204295010100992,rejected
3204295102100993,accepted
3204295505100994,rejected
3204345809100995,rejected
3204295006100996,accepted
3204294807100997,rejected
3204296707100998,accepted
3204295404100999,accepted
3204294706101000,accepted
3204294505101001,rejected
3204295012101002,rejected
3204294808101003,rejected
3204295612101004,rejected
3204295111101005,accepted
3204296306101006,rejected
3204294605101007,rejected
3204295503101008,accepted
3204297010101009,rejected
3204294412101010,accepted
3204296707101011,rejected
3204294607101012,accepted
3204295906101013,rejected
3204294707101014,rejected
3204295404101015,rejected
3204295102101016,rejected
3204294309101017,rejected
3204294412101018,accepted
3204294808101019,accepted
3204294105101020,rejected
3204295010101021,rejected
3204294602101022,accepted
3204294107101023,rejected
3204296801101024,rejected
3204295805101025,rejected
3204294810101026,rejected
3204294207101027,rejected
3204295206101028,accepted
3273144607101029,rejected
3204295111101030,accepted
3204294510101031,rejected
3204296011101032,accepted
3204295904101033,rejected
3204296206101034,rejected
3204296010101035,rejected
3204294105101036,accepted
9999999999101037,rejected
3211206408101038,rejected
3204294409101039,accepted
3204294204101040,accepted
3204295912101041,accepted
3204295004101042,accepted
3204295910101043,rejected
3204294406101044,rejected
3204296208101045,rejected
3204294605101046,accepted
3204295904101047,accepted
3204295204101048,accepted
3204295010101049,rejected
3204296101101050,rejected
3204295207101051,rejected
3204295808101052,accepted
3204295005101053,rejected
3204296107101054,rejected
3204295104101055,rejected
3204295311101056,rejected
3204295508101057,rejected
3204294107101058,rejected
3204296008101059,accepted
3204295508101060,rejected
3204294305101061,accepted
3204294109101062,rejected
3204295904101063,rejected
3204294101101064,accepted
3204294302101065,accepted
3204294507101066,rejected
3204296211101067,rejected
3204295009101068,rejected
3204295610101069,rejected
3204295502101070,rejected
3204294101101071,accepted
9999999999101072,rejected
3204294806101073,accepted
3204294604101074,rejected
3204294506101075,rejected
3204294602101076,rejected
3204295003101077,accepted
3204294803101078,rejected
3204294307101079,rejected
3204295808101080,accepted
3204294412101081,accepted
3204297003101082,accepted
3204294101101083,accepted
3204294708101084,rejected
3204294510101085,rejected
3204295606101086,accepted
3204294203101087,accepted
3204296301101088,rejected
3204295602101089,rejected
3204394407101090,rejected
3204394708101091,accepted
3204390107101092,accepted
3204396411101093,accepted
3204394107101094,accepted
3204390808101095,accepted
3204395507101096,rejected
3204394705101097,accepted
3204395511101098,accepted
3204396708101099,accepted
3204395803101100,rejected
3204390207101101,rejected
3204394507101102,rejected
3204394507101103,rejected
3204394610101104,rejected
3204395211101105,rejected
3204395212101106,rejected
3204394909101107,rejected
3204395003101108,rejected
3204396606101109,rejected
3204396501101110,rejected
3204392704101111,rejected
3204395312101112,accepted
3204397101101113,rejected
3204395611101114,accepted
3204395606101115,rejected
3204395811101116,rejected
3204397011101117,accepted
3204394107101118,accepted
3204396008101119,accepted
3204394707101120,rejected
3204392102101121,accepted
3204396109101122,rejected
3204394602101123,accepted
3204394908101124,accepted
3204394905101125,rejected
3204397009101126,accepted
3204391802101127,accepted
3204394107101128,accepted
3204390405101129,rejected
3204395107101130,rejected
3204395010101131,rejected
3204390811101132,accepted
3204116212101133,rejected
3204395505101134,rejected
3204394107101135,accepted
3204010003101136,accepted
3204391812101137,rejected
3204394101101138,accepted
3204384505101139,rejected
3204321509101140,accepted
3203055001101141,rejected
3204394410101142,accepted
3204396007101143,accepted
3204394103101144,rejected
3204394107101145,rejected
3204396006101146,rejected
3204394107101147,rejected
3204394101101148,rejected
3204394107101149,rejected
3204394105101150,accepted
3204381306101151,rejected
3204382306101152,rejected
3204394311101153,rejected
3204380107101154,accepted
3204382107101155,rejected
3204386509101156,rejected
3204382204101157,rejected
3204380609101158,rejected
3204380202101159,accepted
3204125206101160,accepted
3204120802101161,rejected
3204124711101162,rejected
3204125805101163,rejected
3204127009101164,accepted
3204125612101165,rejected
3204124107101166,rejected
3204124701101167,rejected
3204124702101168,accepted
3204124305101169,rejected
3204155112101170,rejected
3204124501101171,rejected
3204124811101172,accepted
3204151308101173,rejected
3204126611101174,rejected
3204126704101175,rejected
3204125212101176,rejected
3204125008101177,accepted
3204124808101178,rejected
3204125804101179,rejected
3204125112101180,accepted
3204121303101181,rejected
3204120102101182,accepted
3204120504101183,rejected
3204124605101184,rejected
3204121310101185,accepted
3204126707101186,rejected
3204124112101187,accepted
3204124101101188,accepted
3204125707101189,rejected
3204121109101190,rejected
3204125212101191,accepted
3204121305101192,rejected
3204322910101193,rejected
3204125505101194,rejected
3204126705101195,accepted
3204124107101196,accepted
3204126606101197,accepted
3204124101101198,accepted
3204124705101199,rejected
3204124203101200,rejected
3204124502101201,rejected
3204124101101202,rejected
3204124101101203,rejected
3204126401101204,rejected
3204121409101205,accepted
3204122407101206,accepted
3204126505101207,accepted
3204124811101208,accepted
3204124410101209,accepted
3204125004101210,rejected
3204121808101211,rejected
3204121808101212,rejected
3204124810101213,rejected
3204120410101214,accepted
3204124107101215,rejected
3204120609101216,accepted
3204124107101217,rejected
3204125111101218,rejected
3204126911101219,rejected
3204364104101220,rejected
3204366302101221,rejected
3204364308101222,accepted
1210000258101223,rejected
3204365807101224,accepted
3204367064101225,rejected
3204365302101226,rejected
3204366804101227,accepted
3204356606101228,rejected
3204364101101229,accepted
3204364107101230,rejected
3204364402101231,accepted
3204365012101232,rejected
3204366004101233,rejected
3204364511101234,rejected
3204365808101235,rejected
3204364103101236,accepted
3204130802101237,rejected
3204131107101238,accepted
3204362903101239,accepted
3204364107101240,rejected
3204364107101241,rejected
9999999999101242,accepted
3204365605101243,rejected
9999999999101244,rejected
3204364305101245,rejected
3204365509101246,rejected
3204364107101247,rejected
3204364402101248,accepted
3204364803101249,rejected
3204364402101250,accepted
3204366609101251,rejected
3204365408101252,accepted
3204365110101253,accepted
3204365108101254,accepted
3204362008101255,rejected
3204366607101256,accepted
3204362102101257,accepted
3204365509101258,rejected
3204362001101259,accepted
3204364306101260,rejected
3204364308101261,rejected
3204364311101262,rejected
3204366208101263,rejected
3204364309101264,rejected
3204360511101265,rejected
3204362309101266,rejected
3204364206101267,rejected
3204364604101268,rejected
3204365201101269,rejected
3204366903101270,rejected
3204364210101271,rejected
3204354707101272,accepted
3204354107101273,accepted
3204364903101274,rejected
3204364406101275,rejected
3204364605101276,rejected
3204364511101277,rejected
3204364602101278,rejected
3204364103101279,rejected
3204295206101280,accepted
3204124308101281,rejected
101282,accepted
3204364706101283,accepted
3204364107101284,rejected
3204360706101285,accepted
3204365206101286,accepted
3204364911101287,rejected
3204366606101288,rejected
3204362107101289,rejected
3204366810101290,rejected
3204364205101291,accepted
3204365603101292,rejected
3204364501101293,rejected
3204364106101294,rejected
3204364106101295,rejected
3204364106101296,accepted
3204304111101297,rejected
3204364701101298,rejected
3204366505101299,accepted
3204360704101300,rejected
3204365204101301,accepted
3204364103101302,rejected
3204366504101303,accepted
3204366712101304,rejected
3204360295101305,accepted
3204262506101306,rejected
3204365804101307,rejected
3204367006101308,rejected
3204366806101309,rejected
3204365707101310,accepted
3204364403101311,rejected
3204335003101312,rejected
3204365201101313,accepted
101314,accepted
3204362611101315,rejected
3204331512101316,rejected
3204360305101317,rejected
3204131011101318,rejected
3204130507101319,rejected
3204365206101320,accepted
3204360105101321,rejected
3204364103101322,rejected
3204365304101323,accepted
3204365408101324,accepted
3204366202101325,rejected
3204365102101326,rejected
3204360103101327,accepted
3204364606101328,rejected
3204364107101329,rejected
3204366004101330,rejected
3204362311101331,rejected
3204320107101332,rejected
3204366903101333,accepted
3204364909101334,accepted
3204366905101335,rejected
3204364606101336,accepted
3204365804101337,rejected
3204445703101338,accepted
3204367004101339,accepted
3204114103101340,accepted
3204115206101341,rejected
3204114507101342,accepted
3204111708101343,rejected
3204114110101344,rejected
3204114810101345,rejected
3204116005101346,accepted
3204116005101347,accepted
3204116702101348,accepted
3204114405101349,rejected
3204115011101350,accepted
3204115509101351,rejected
3204116707101352,accepted
3204110110101353,accepted
3204115507101354,rejected
3204115707101355,rejected
3204115712101356,rejected
3204114206101357,rejected
3204110610101358,rejected
3204110911101359,accepted
3204115101101360,rejected
3204110107101361,accepted
3204114207101362,rejected
3204115305101363,accepted
3204116804101364,accepted
3402176502101365,accepted
3204114103101366,rejected
3204114804101367,accepted
3204115211101368,rejected
3204115705101369,accepted
3204116704101370,accepted
3204114101101371,rejected
3204116211101372,accepted
3204114209101373,rejected
3204112407101374,accepted
3204114302101375,rejected
3204115702101376,accepted
3201045608101377,rejected
3204114101101378,rejected
3204114101101379,accepted
3204115404101380,rejected
3204115505101381,rejected
3273046809101382,accepted
3217014701101383,accepted
3204114806101384,rejected
3204111703101385,accepted
3204115201101386,accepted
3204114910101387,rejected
3204111406101388,rejected
3204114605101389,rejected
3204114708101390,accepted
3320411070101391,rejected
3204115809101392,rejected
3204114511101393,rejected
3204115105101394,rejected
3204124101101395,rejected
3204115001101396,accepted
3204110101101397,rejected
3204114101101398,rejected
3204114405101399,accepted
3204316005101400,rejected
3204305711101401,rejected
3204314103101402,accepted
3204314107101403,rejected
3204314107101404,accepted
3204315408101405,accepted
3204315701101406,rejected
3204315506101407,rejected
3204315509101408,accepted
3204316212101409,accepted
3204314403101410,rejected
3204314504101411,accepted
3204316109101412,rejected
3204315401101413,accepted
3204310101101414,rejected
3204317007101415,rejected
3204310204101416,accepted
3204314207101417,accepted
3204314302101418,rejected
3204316705101419,rejected
3204314906101420,rejected
3204315002101421,rejected
3204314806101422,rejected
3204314601101423,rejected
3204315811101424,rejected
3204314107101425,accepted
3204314711101426,rejected
3204314503101427,rejected
3204314104101428,accepted
3204316801101429,rejected
3204310805101430,rejected
3204314605101431,accepted
3204314707101432,rejected
3204315809101433,rejected
3204314107101434,rejected
3204314107101435,rejected
3204314107101436,rejected
3204314107101437,accepted
3204315906101438,accepted
3204316008101439,rejected
3204305011101440,rejected
3204304107101441,accepted
3204314805101442,rejected
3204315703101443,rejected
3204311904101444,accepted
3204315505101445,rejected
3204314103101446,rejected
3204314303101447,rejected
3204315304101448,rejected
3204315210101449,rejected
3204314805101450,rejected
3204314107101451,accepted
3204316201101452,rejected
3204310610101453,accepted
3204314107101454,rejected
3204315212101455,rejected
3204315501101456,accepted
3204315406101457,rejected
3204317112101458,rejected
3204316107101459,accepted
3204315908101460,rejected
3204314505101461,rejected
3204314606101462,rejected
3204310605101463,rejected
3204314407101464,rejected
3204316007101465,accepted
3204316402101466,rejected
3204316712101467,accepted
3204315611101468,rejected
3204254110101469,rejected
3204314107101470,rejected
3204314909101471,accepted
3204314203101472,rejected
3204050003101473,rejected
3204314708101474,rejected
3204314708101475,rejected
3204050003101476,rejected
3204060005101477,rejected
3204315012101478,accepted
3204050003101479,rejected
3204466304101480,rejected
3204460506101481,accepted
3204466203101482,rejected
3204464307101483,accepted
3204464808101484,rejected
3204464505101485,rejected
3204465605101486,rejected
3204466708101487,rejected
3204464101101488,accepted
3204464508101489,rejected
3204464811101490,accepted
3204461207101491,rejected
3204464101101492,accepted
3204465009101493,accepted
3204466911101494,rejected
3204191007101495,rejected
3204465104101496,accepted
3204464107101497,accepted
3204341107101498,rejected
3204464608101499,rejected
3204376903101500,rejected
3204375612101501,rejected
3204376310101502,rejected
3204374308101503,rejected
3204374107101504,accepted
3204374701101505,rejected
3204377006101506,rejected
3204374607101507,rejected
3204465203101508,accepted
3204376212101509,accepted
3273154209101510,accepted
3204462006101511,rejected
3204134501101512,rejected
3204464707101513,rejected
3204464808101514,rejected
3204465405101515,accepted
3204465207101516,rejected
3204465007101517,rejected
3204465902101518,rejected
3204464107101519,rejected
3204465710101520,rejected
3204465106101521,rejected
3204464808101522,rejected
3204465608101523,rejected
3204465703101524,accepted
3204465109101525,rejected
3204465008101526,accepted
3204465509101527,rejected
3204466007101528,accepted
3204464608101529,rejected
3217105809101530,rejected
3204462305101531,rejected
3204465506101532,rejected
3204464601101533,accepted
3204465406101534,rejected
3204464609101535,accepted
3204461607101536,accepted
3204464307101537,accepted
3204464702101538,rejected
3204465906101539,rejected
3204464604101540,rejected
3204464508101541,rejected
3204465709101542,rejected
3204460410101543,rejected
3204465408101544,rejected
3204111702101545,rejected
3204111707101546,rejected
3204112308101547,rejected
3204341301101548,rejected
3273041808101549,rejected
3204464605101550,accepted
3204466301101551,accepted
3204464810101552,rejected
3204464601101553,accepted
3204465808101554,accepted
3204464110101555,accepted
3204465506101556,accepted
3204465209101557,accepted
3204462407101558,rejected
3204464112101559,accepted
3204466209101560,accepted
3204465006101561,rejected
3204461506101562,rejected
3204466504101563,rejected
3204466503101564,rejected
3204465602101565,rejected
3204464403101566,rejected
3204466006101567,rejected
3204465104101568,accepted
3204464703101569,accepted
3204461905101570,rejected
3204466704101571,rejected
3204465010101572,rejected
3204466512101573,rejected
3204465205101574,rejected
3204466004101575,rejected
3204464107101576,accepted
3204466506101577,accepted
3204464208101578,rejected
3204466511101579,accepted
3204190011101580,rejected
3204464306101581,rejected
3204385807101582,accepted
3204464508101583,rejected
3204466207101584,rejected
3204464307101585,rejected
3204464104101586,accepted
3204464607101587,accepted
3204465107101588,rejected
3204465404101589,rejected
3204335509101590,rejected
3204354706101591,rejected
3204336409101592,accepted
3204330107101593,accepted
3204335704101594,rejected
3204337008101595,rejected
3204060007101596,rejected
3204335201101597,accepted
3204330808101598,rejected
3217125009101599,accepted
3204334706101600,accepted
3204336007101601,rejected
3204334211101602,rejected
3204334611101603,rejected
3204334612101604,rejected
3204336903101605,rejected
3204336909101606,rejected
3204335206101607,accepted
3204335207101608,rejected
3204334101101609,rejected
3204334608101610,rejected
3204334804101611,rejected
3204335010101612,accepted
3204334406101613,rejected
3204336110101614,rejected
3204336909101615,rejected
3204331602101616,accepted
3204333108101617,accepted
3204330203101618,accepted
3204334803101619,rejected
1016174101101620,accepted
3204334602101621,rejected
3204330804101622,rejected
3204334910101623,rejected
3204334107101624,accepted
3204334101101625,rejected
3204336311101626,rejected
3204335510101627,rejected
3204344812101628,accepted
3204334712101629,accepted
3204335805101630,accepted
3204295111101631,accepted
3204334810101632,rejected
3204330405101633,rejected
3204334506101634,rejected
3204337108101635,rejected
3204335008101636,rejected
3204334101101637,rejected
3204335606101638,accepted
3204335002101639,rejected
3204336806101640,accepted
3204331103101641,rejected
3204364904101642,accepted
3204335012101643,accepted
3204336708101644,rejected
3204334206101645,rejected
3204120001101646,rejected
3204331402101647,rejected
3204120001101648,rejected
3204335212101649,rejected
3204334702101650,rejected
3204337008101651,accepted
3204330308101652,rejected
3204334403101653,rejected
3204335902101654,accepted
3204334503101655,accepted
3204332903101656,rejected
3204335204101657,accepted
3204334101101658,accepted
3204335510101659,rejected
3204335612101660,accepted
3204334703101661,rejected
3204337110101662,accepted
3204336007101663,rejected
3204336904101664,rejected
3204336908101665,accepted
3204306504101666,rejected
3204335202101667,rejected
3204335204101668,accepted
3204335406101669,rejected
3204334706101670,accepted
3204334808101671,rejected
3204336809101672,rejected
3204334101101673,accepted
3204331401101674,rejected
3204330705101675,accepted
3204331203101676,rejected
3204331906101677,rejected
3204351806101678,rejected
3204332609101679,rejected
3204330203101680,rejected
3204334709101681,rejected
3204336808101682,rejected
3204120004101683,rejected
3204335003101684,accepted
3204334102101685,rejected
3204336110101686,rejected
3204336812101687,rejected
3204334301101688,rejected
3204334101101689,accepted
3204334107101690,accepted
3204334204101691,rejected
3204334608101692,rejected
3204324403101693,accepted
3204335903101694,rejected
3204336810101695,rejected
3204334101101696,accepted
3204334705101697,rejected
3204335504101698,accepted
3204334101101699,rejected
3204106305101700,rejected
3204104607101701,rejected
3204105603101702,accepted
3204104208101703,rejected
3204104201101704,accepted
3204104507101705,accepted
3204104307101706,rejected
3204104101101707,rejected
3204105207101708,rejected
3204104706101709,accepted
3204105010101710,rejected
3204106001101711,accepted
3204104402101712,accepted
3204106007101713,rejected
3204106006101714,accepted
3204104810101715,rejected
3204106502101716,rejected
3204104306101717,rejected
3204250006101718,rejected
3204250006101719,rejected
3204104806101720,rejected
3204104302101721,rejected
3204105004101722,rejected
3204106810101723,accepted
3204105302101724,rejected
3204102005101725,rejected
3204104612101726,accepted
3204104602101727,rejected
3204105003101728,accepted
3204104107101729,accepted
3204104607101730,rejected
3204104303101731,rejected
3204104309101732,accepted
3204106505101733,rejected
3205194107101734,accepted
3204355607101735,accepted
3204106711101736,rejected
3204101209101737,rejected
3204302110101738,rejected
3204105010101739,rejected
3204105404101740,accepted
3204105303101741,rejected
3204105206101742,rejected
3204105205101743,rejected
3204106303101744,accepted
3204102512101745,accepted
3204104101101746,rejected
3204104206101747,rejected
3204105106101748,rejected
3204104101101749,accepted
3204105607101750,rejected
3204104101101751,accepted
3204106404101752,accepted
3204105212101753,rejected
3204104101101754,accepted
3204105707101755,rejected
3204104204101756,rejected
3204102206101757,rejected
3204104102101758,rejected
3204105402101759,rejected
3204126409101760,accepted
3204096410101761,rejected
3204094404101762,rejected
3204095609101763,accepted
3204094101101764,rejected
3204095505101765,accepted
3204094803101766,accepted
3204092006101767,rejected
3204094603101768,rejected
3204094107101769,rejected
3204094602101770,accepted
3204096305101771,rejected
3204096104101772,rejected
3204094107101773,accepted
3204095202101774,rejected
3204095101101775,accepted
3204094807101776,rejected
3204095707101777,rejected
3204094101101778,rejected
3204090610101779,accepted
3204094909101780,rejected
3204092109101781,accepted
3204090211101782,rejected
3204094511101783,rejected
3204111601101784,rejected
3204091107101785,rejected
3204091810101786,rejected
1803041907101787,rejected
3204091305101788,accepted
3204096508101789,rejected
3204260002101790,rejected
3204260002101791,rejected
3204260002101792,rejected
3204096409101793,rejected
3204095305101794,rejected
3204094203101795,accepted
3204094210101796,rejected
3204260002101797,accepted
3204094810101798,rejected
3204096009101799,rejected
3204095707101800,accepted
3204095006101801,rejected
3204094506101802,accepted
3204095509101803,rejected
3204094101101804,rejected
3204095304101805,rejected
3204095001101806,rejected
3204095605101807,accepted
3204095705101808,accepted
3204094101101809,accepted
3204267004101810,accepted
3204265007101811,accepted
3204264808101812,rejected
3204264107101813,rejected
3204265003101814,rejected
3204260707101815,rejected
3204264508101816,rejected
3204264910101817,rejected
3204265111101818,rejected
3204264101101819,accepted
3204265708101820,accepted
3204260702101821,rejected
3205386312101822,accepted
3204265208101823,rejected
3204265708101824,accepted
3204266612101825,rejected
3204204609101826,accepted
3204264107101827,rejected
3204264101101828,rejected
3204265210101829,accepted
3205170024101830,rejected
3204260306101831,rejected
3204260704101832,rejected
3304160400101833,accepted
3204260103101834,rejected
3273165706101835,rejected
3204260303101836,accepted
3204260705101837,accepted
3204263004101838,rejected
3204262304101839,rejected
3204264909101840,rejected
3204282009101841,rejected
3204264611101842,rejected
3204265811101843,rejected
3204264805101844,rejected
3204264211101845,accepted
3204264303101846,rejected
3204265303101847,accepted
3204265501101848,rejected
3204261002101849,accepted
3204266908101850,rejected
3204264504101851,rejected
3204264703101852,rejected
3204265912101853,accepted
3204265010101854,rejected
3204265409101855,accepted
3204264806101856,accepted
3204264503101857,rejected
3204264402101858,rejected
3204264107101859,rejected
3204261010101860,accepted
3204264311101861,accepted
3204264502101862,rejected
3204265312101863,accepted
3204264407101864,accepted
3204265209101865,rejected
3204264104101866,rejected
3204264211101867,rejected
3204265103101868,rejected
3204261002101869,rejected
3204264112101870,accepted
3204264202101871,rejected
3204265403101872,accepted
3204266505101873,accepted
3204261012101874,rejected
3204264808101875,accepted
3204266712101876,accepted
3204264101101877,rejected
3204266608101878,rejected
3204260210101879,accepted
3204264908101880,rejected
3204265118101881,rejected
3204266208101882,rejected
3204265209101883,rejected
3204254603101884,accepted
3204265009101885,accepted
3204264405101886,rejected
3204264207101887,rejected
3204264609101888,accepted
3204264903101889,rejected
3204305508101890,rejected
3204305010101891,rejected
3204302809101892,rejected
3204306704101893,accepted
3204060009101894,rejected
3204306104101895,rejected
3204304103101896,accepted
3204304305101897,accepted
3204304104101898,accepted
3204305604101899,rejected
3204305702101900,accepted
3204306110101901,accepted
3204304805101902,rejected
3204305503101903,accepted
3204305708101904,rejected
3204306711101905,rejected
3204305004101906,rejected
3204305510101907,rejected
3204305602101908,rejected
3204305806101909,accepted
3204304107101910,accepted
3204304107101911,rejected
3204304907101912,rejected
3204305604101913,rejected
3204305007101914,rejected
3204306512101915,rejected
3204304201101916,accepted
3204304107101917,rejected
3273184808101918,rejected
3204050707101919,accepted
3204305911101920,accepted
3204304101101921,accepted
3204305009101922,rejected
3204296808101923,accepted
3204291503101924,rejected
3204306302101925,rejected
3204305207101926,accepted
3204305807101927,rejected
3204306811101928,rejected
3204301007101929,accepted
3204304406101930,rejected
3204301705101931,accepted
3204304307101932,rejected
3204060002101933,accepted
3204305703101934,rejected
3204305106101935,rejected
3204301711101936,rejected
3204301008101937,accepted
3204306111101938,rejected
3204305604101939,accepted
3204301710101940,rejected
3204060006101941,rejected
3204305311101942,accepted
3204307101101943,rejected
3203100503101944,rejected
3204304107101945,rejected
3204300107101946,accepted
3204304308101947,accepted
3204304309101948,rejected
3204306906101949,accepted
3204060007101950,accepted
3204060007101951,accepted
3204306009101952,rejected
3204305812101953,rejected
3204306002101954,accepted
3204305002101955,accepted
3204305105101956,rejected
3204304906101957,rejected
3204304511101958,rejected
3204151205101959,accepted
3204060007101960,rejected
3204304807101961,rejected
3204060007101962,rejected
3204304101101963,rejected
3204302604101964,accepted
3204304107101965,rejected
3204305408101966,rejected
3204305505101967,accepted
3204304405101968,rejected
3204305102101969,accepted
3204060011101970,accepted
3204305502101971,rejected
3204060011101972,accepted
3204060011101973,rejected
3204060011101974,rejected
3204060011101975,accepted
3204304907101976,accepted
3204304505101977,rejected
3204060011101978,rejected
3204060011101979,rejected
3204060005101980,accepted
3204336306101981,rejected
3204250303101982,rejected
3204250210101983,rejected
3204252702101984,rejected
3204250807101985,accepted
3204281407101986,accepted
3204262002101987,rejected
3204252906101988,accepted
3204251809101989,accepted
3204305411101990,rejected
3204304107101991,rejected
3204305208101992,rejected
3204306612101993,accepted
3204306304101994,rejected
3204304209101995,rejected
3204304207101996,accepted
3204304206101997,accepted
3204301303101998,accepted
3204304112101999,accepted
3204304101102000,rejected
3204304212102001,accepted
3204305505102002,accepted
3204306010102003,rejected
3204291102102004,rejected
3204291408102005,accepted
3204291201102006,accepted
3204290709102007,rejected
3204290402102008,rejected
3204291702102009,accepted
3204170306102010,rejected
3204305206102011,rejected
3204305504102012,accepted
3204340406102013,rejected
3204305112102014,rejected
3204304407102015,rejected
3204305004102016,accepted
3204305307102017,rejected
3204304102102018,accepted
3204301706102019,rejected
3204144807102020,accepted
3204095203102021,rejected
3204130503102022,accepted
3204116211102023,rejected
3204147107102024,accepted
3204144408102025,rejected
3204140506102026,rejected
3204141806102027,rejected
3204140211102028,rejected
3204140506102029,accepted
3204144104102030,accepted
3204146002102031,rejected
3204146505102032,accepted
3204144609102033,rejected
3204145711102034,rejected
3204144107102035,rejected
3204141505102036,accepted
3204145506102037,accepted
3204144511102038,rejected
3204144107102039,accepted
3271054105102040,rejected
3204156109102041,rejected
3204146705102042,accepted
3271054105102043,rejected
3204145308102044,rejected
3204144107102045,accepted
3204144401102046,rejected
3204144607102047,accepted
3204145010102048,accepted
3204121909102049,rejected
3204144908102050,rejected
3204144603102051,rejected
3204144510102052,rejected
3204145010102053,rejected
3204144205102054,rejected
3204144605102055,rejected
3204144101102056,accepted
3204144207102057,rejected
3204144712102058,rejected
3204141712102059,accepted
3204144101102060,rejected
3204144107102061,rejected
3204144606102062,accepted
3204144708102063,accepted
3204144708102064,rejected
3204144107102065,rejected
3204144107102066,rejected
3204146606102067,rejected
3204145808102068,rejected
3204144507102069,rejected
3204145002102070,rejected
3204094101102071,rejected
3204144703102072,rejected
3204144504102073,rejected
3204144101102074,accepted
3204145211102075,rejected
3204144708102076,rejected
3204144606102077,accepted
3204145912102078,accepted
3204146008102079,rejected
3204150611102080,rejected
3204152102102081,rejected
3204154508102082,rejected
3204156603102083,rejected
3204154206102084,accepted
3204154107102085,accepted
3204150204102086,accepted
3204155307102087,accepted
3204154107102088,rejected
3204155604102089,rejected
3204156303102090,accepted
3204156308102091,accepted
3204151803102092,rejected
3204154508102093,rejected
3204154608102094,rejected
3204154408102095,rejected
3204154506102096,rejected
3204155903102097,rejected
3204156003102098,rejected
3204154710102099,accepted
3204150711102100,rejected
3204154107102101,accepted
3204155007102102,rejected
3204156005102103,rejected
3204154101102104,accepted
3204154708102105,rejected
3204154107102106,accepted
3204155607102107,rejected
3204155003102108,rejected
3204154102102109,accepted
3204156711102110,rejected
3204156412102111,rejected
3204155110102112,rejected
3204155003102113,accepted
3204154506102114,accepted
3204155208102115,accepted
3204150306102116,accepted
3204154402102117,accepted
3204154107102118,rejected
3204154812102119,rejected
3204155201102120,rejected
3204155708102121,rejected
3204155111102122,rejected
3204314107102123,rejected
3204154107102124,accepted
3204156811102125,accepted
3204154312102126,rejected
3204154106102127,rejected
3204155211102128,accepted
3207086904102129,rejected
3204156604102130,accepted
3204154812102131,accepted
3204156812102132,accepted
3204154112102133,rejected
3204154406102134,rejected
3204154603102135,rejected
3204155806102136,accepted
3204155408102137,accepted
3204156812102138,rejected
3204154502102139,accepted
3204154107102140,rejected
3204154305102141,accepted
3204156004102142,rejected
3204157006102143,accepted
3204154107102144,accepted
3204155012102145,accepted
3204154909102146,rejected
3204154101102147,accepted
3204151301102148,rejected
3204152706102149,rejected
3204154107102150,rejected
3204154502102151,rejected
3204155411102152,rejected
3204154303102153,rejected
3204150107102154,rejected
3204155209102155,accepted
3204155807102156,rejected
3204446901102157,rejected
3204150107102158,rejected
3204155512102159,accepted
3204151005102160,rejected
3204155401102161,accepted
3204154710102162,accepted
3204154712102163,rejected
3204154906102164,accepted
3204154308102165,rejected
6401054507102166,rejected
3204155710102167,rejected
3204154107102168,rejected
3204154507102169,accepted
3204154308102170,accepted
3204154101102171,rejected
3204156811102172,accepted
3204155207102173,rejected
3204154112102174,rejected
3204154103102175,rejected
3204155007102176,accepted
3204154107102177,rejected
3204154107102178,rejected
3204154101102179,rejected
3204155210102180,rejected
3204156607102181,accepted
3204154107102182,rejected
3204155209102183,accepted
3204152302102184,accepted
3217075607102185,rejected
3204156804102186,rejected
3204154308102187,accepted
3204152003102188,rejected
3204156805102189,accepted
3204154107102190,rejected
3204154107102191,rejected
3204154708102192,rejected
3204154910102193,rejected
3204155507102194,rejected
3204156008102195,rejected
3204155106102196,rejected
3204156505102197,accepted
3204154309102198,accepted
3204154605102199,rejected
3204155808102200,accepted
3204154811102201,rejected
3204154101102202,rejected
3204154402102203,accepted
3204154502102204,accepted
3204154105102205,accepted
3204155509102206,rejected
3217074107102207,rejected
3204155203102208,rejected
3204154107102209,rejected
3204354604102210,rejected
3204161409102211,accepted
3204354204102212,rejected
3204354711102213,accepted
3204274211102214,rejected
3204354101102215,rejected
3204355204102216,rejected
3204354804102217,rejected
3204356407102218,rejected
3204356806102219,accepted
3204354906102220,rejected
3204354107102221,accepted
3204354107102222,rejected
3204354305102223,rejected
3204354306102224,accepted
3204354609102225,rejected
3204355809102226,rejected
3204355103102227,rejected
3204080008102228,rejected
3204354608102229,rejected
3204355207102230,rejected
3204354209102231,rejected
3204355204102232,rejected
3204354201102233,rejected
3204354506102234,rejected
3204354306102235,accepted
3204355605102236,rejected
3204355009102237,rejected
3204355606102238,rejected
3204355101102239,rejected
3204350208102240,rejected
3204354908102241,rejected
3204354604102242,accepted
3204356008102243,rejected
3204355002102244,accepted
3204354508102245,rejected
3204356804102246,rejected
3204356609102247,rejected
3204356604102248,accepted
3204354507102249,rejected
3204356007102250,rejected
3204351503102251,rejected
3204355607102252,accepted
3204356303102253,accepted
3204356006102254,rejected
3204354107102255,accepted
3204352704102256,accepted
3204355001102257,accepted
3204356702102258,accepted
3204354408102259,rejected
3204355610102260,rejected
3204354502102261,rejected
3204350709102262,rejected
3204355904102263,accepted
3204356603102264,rejected
3204351104102265,rejected
3204356305102266,rejected
3204350107102267,accepted
3204351906102268,rejected
3204355008102269,rejected
3204355611102270,rejected
3204350210102271,rejected
3204354502102272,accepted
3204356005102273,accepted
3204354208102274,rejected
3204354609102275,accepted
3204355701102276,accepted
3204356701102277,accepted
3204354107102278,accepted
3204354109102279,rejected
3204354705102280,accepted
3204350606102281,rejected
3204354511102282,rejected
3204356008102283,rejected
3204354510102284,rejected
3204355401102285,rejected
3204355904102286,rejected
3204351708102287,accepted
3204355305102288,rejected
3204355705102289,rejected
3204355503102290,rejected
3204357010102291,rejected
3204355307102292,accepted
3204354107102293,rejected
3204354711102294,accepted
3204354306102295,accepted
3204354503102296,accepted
3204365109102297,rejected
3204355411102298,accepted
3204354206102299,accepted
3204355805102300,rejected
3204354207102301,rejected
3204354812102302,rejected
3204355404102303,rejected
3204355408102304,accepted
3204354703102305,rejected
3204352808102306,rejected
3204356606102307,rejected
3204354803102308,rejected
3204334407102309,accepted
3204354303102310,rejected
3204356001102311,accepted
3204354107102312,accepted
3204354611102313,accepted
3204354805102314,accepted
3204354605102315,rejected
3204354106102316,rejected
3204356101102317,accepted
3204354409102318,rejected
3204354910102319,rejected
3204354507102320,rejected
3204354403102321,rejected
3204355907102322,rejected
3204356507102323,rejected
3204354107102324,rejected
3204354210102325,rejected
3204356707102326,accepted
3204354107102327,rejected
3204354304102328,rejected
3204354210102329,rejected
3204404605102330,rejected
3204387103102331,rejected
3204384106102332,rejected
3204386107102333,accepted
3204385206102334,accepted
3204385309102335,rejected
3204386212102336,rejected
3204385406102337,accepted
3204380101102338,rejected
3204384506102339,rejected
3204384909102340,accepted
3204384807102341,accepted
3204384806102342,accepted
3204384107102343,accepted
3204384311102344,accepted
3204384103102345,rejected
3204385010102346,rejected
3204386108102347,rejected
3204384711102348,rejected
3204385206102349,accepted
3204383003102350,rejected
3204384505102351,rejected
3204384201102352,rejected
3204385002102353,accepted
3204384107102354,rejected
3204384107102355,rejected
3204386805102356,rejected
3204384807102357,rejected
3204384506102358,accepted
3204384608102359,rejected
3204384111102360,rejected
3204380310102361,rejected
3204384101102362,rejected
3204386008102363,rejected
3204384912102364,accepted
3204380107102365,rejected
3204384710102366,rejected
3204385007102367,rejected
3204384709102368,rejected
3204386302102369,rejected
3204384403102370,rejected
3273246602102371,rejected
3204385805102372,accepted
3204385808102373,accepted
3204380210102374,rejected
3204380603102375,rejected
3204384304102376,rejected
3204380107102377,accepted
3204384101102378,rejected
3204380406102379,rejected
3204386705102380,rejected
3204384107102381,rejected
3204386810102382,accepted
3204384304102383,accepted
3204385608102384,rejected
3204385011102385,accepted
3204385307102386,accepted
3204386510102387,accepted
3204384111102388,rejected
3204385008102389,rejected
3204380111102390,rejected
3204385707102391,accepted
3204386308102392,accepted
3204384406102393,rejected
3204384101102394,rejected
3204380503102395,rejected
3204385404102396,rejected
3204384308102397,rejected
3204380508102398,rejected
3204386508102399,rejected
3204382806102400,rejected
3204381504102401,accepted
3204384405102402,rejected
3204387112102403,accepted
3204386310102404,rejected
3204386205102405,rejected
3204384101102406,rejected
3204384211102407,rejected
3204386110102408,accepted
3204386104102409,rejected
3204384107102410,rejected
3204384609102411,rejected
3204384107102412,rejected
3204384107102413,rejected
3204385706102414,accepted
3204385808102415,accepted
3204386611102416,rejected
3204385112102417,accepted
3204384401102418,accepted
3204384107102419,rejected
3204380101102420,accepted
3204384406102421,accepted
3204386010102422,accepted
3204381912102423,rejected
3204384107102424,accepted
3204384701102425,rejected
3204384107102426,rejected
3204385312102427,rejected
3204384701102428,rejected
3204384107102429,rejected
3204401206102430,rejected
3204400405102431,rejected
3204404101102432,accepted
3204404907102433,accepted
3204404210102434,accepted
3204406609102435,rejected
3204405012102436,rejected
3204404806102437,rejected
3204404805102438,accepted
3204011005102439,accepted
3204405903102440,rejected
3204404411102441,accepted
3204404203102442,accepted
3204400104102443,rejected
3204407003102444,rejected
3204405507102445,accepted
3204401212102446,rejected
3204400101102447,accepted
3204406806102448,rejected
3204404203102449,rejected
3204404702102450,accepted
3204405208102451,rejected
3204404204102452,rejected
3204405008102453,rejected
3204404101102454,accepted
3204404107102455,rejected
3204404107102456,rejected
3204404101102457,rejected
3204405110102458,accepted
3204404101102459,accepted
3204400107102460,rejected
3204404103102461,accepted
3204404105102462,rejected
3204405903102463,rejected
3204404202102464,rejected
3204406201102465,rejected
3204405907102466,rejected
3204405306102467,rejected
3204405410102468,rejected
3204404410102469,rejected
3204404101102470,rejected
3204405909102471,rejected
3204405903102472,accepted
3204405306102473,rejected
3204404102102474,rejected
3204400506102475,accepted
3204404605102476,rejected
3204404101102477,accepted
3204404505102478,rejected
3204401302102479,accepted
3204284811102480,accepted
3204284610102481,accepted
3204284101102482,accepted
3217094102102483,rejected
3204286904102484,rejected
3204284804102485,accepted
3204285810102486,accepted
3204284602102487,rejected
3204285312102488,accepted
3204284810102489,rejected
3204284311102490,rejected
3204286306102491,rejected
3204284611102492,rejected
3204284107102493,rejected
3204284812102494,rejected
3204285507102495,rejected
3204285507102496,rejected
3204280107102497,accepted
3204284102102498,accepted
3204284810102499,accepted
3204285610102500,rejected
3204284510102501,accepted
3204285003102502,accepted
3204284204102503,rejected
3204286309102504,accepted
3204284301102505,accepted
3204286703102506,rejected
3204285207102507,rejected
3204286401102508,rejected
3204284806102509,rejected
3204284706102510,rejected
3204284406102511,rejected
3204286511102512,accepted
3204286312102513,accepted
3204285203102514,rejected
3204284303102515,accepted
3204286206102516,rejected
3204284307102517,rejected
3204284112102518,rejected
3204285107102519,rejected
3204285202102520,rejected
3204284102102521,rejected
3204286505102522,rejected
3204285511102523,accepted
3204286410102524,accepted
3204284902102525,rejected
3204285008102526,rejected
3204286101102527,rejected
3204286710102528,rejected
3204284706102529,accepted
3204286311102530,rejected
3204284512102531,rejected
3204284412102532,rejected
3204286609102533,accepted
3204282001102534,rejected
3204282702102535,accepted
3204285407102536,rejected
3204284205102537,accepted
3204284210102538,rejected
3302095709102539,accepted
3204284703102540,accepted
3204285407102541,accepted
3204284101102542,rejected
3204285803102543,accepted
3204284101102544,rejected
3204285105102545,accepted
3204287004102546,accepted
3204285403102547,accepted
3204285707102548,accepted
3204284105102549,rejected
3204286403102550,accepted
3204284106102551,rejected
3204280910102552,rejected
3204285809102553,accepted
3204286101102554,rejected
3204285604102555,rejected
3204286407102556,accepted
3204285411102557,rejected
3204280812102558,rejected
3204284307102559,rejected
3204286810102560,rejected
3204286008102561,rejected
3204282003102562,rejected
3204284706102563,accepted
3204284206102564,rejected
3204285606102565,rejected
3204280503102566,accepted
3204284303102567,rejected
3204284606102568,rejected
3204284805102569,rejected
3204286206102570,accepted
3204286405102571,rejected
3204284306102572,accepted
3204282710102573,rejected
3204285708102574,rejected
3204284408102575,rejected
3204284108102576,rejected
3204286308102577,accepted
3204285306102578,accepted
3204284202102579,accepted
3204285305102580,rejected
3204284909102581,rejected
3204285505102582,accepted
3204281101102583,rejected
3204284508102584,rejected
3204284805102585,rejected
3204284408102586,rejected
3204285201102587,accepted
3204285206102588,rejected
3204286904102589,rejected
3204285407102590,rejected
3204281007102591,rejected
3204280508102592,rejected
3204285008102593,rejected
3204284707102594,rejected
3204285302102595,rejected
3204284408102596,accepted
3204285007102597,rejected
3204285009102598,rejected
3204284405102599,rejected
3204285909102600,accepted
3204285205102601,rejected
3204280803102602,rejected
3204284407102603,rejected
3204284101102604,rejected
3204284102102605,rejected
3204284105102606,accepted
3204281010102607,rejected
3204281508102608,rejected
3204285101102609,rejected
3204285212102610,rejected
3204282303102611,rejected
3204286005102612,accepted
3204284107102613,accepted
3204280412102614,rejected
3204286106102615,rejected
3204285710102616,rejected
3204285005102617,rejected
3204284602102618,rejected
3204284501102619,rejected
3204345111102620,rejected
3204341307102621,rejected
3204345204102622,rejected
3204340408102623,rejected
3204345810102624,rejected
3204342607102625,accepted
3204344505102626,rejected
3204344107102627,rejected
3204344107102628,rejected
3204344101102629,rejected
3204345508102630,accepted
3204344802102631,rejected
3204346006102632,rejected
3204344503102633,rejected
3204345102102634,rejected
3204344411102635,accepted
3204345406102636,accepted
3204344109102637,accepted
3204344307102638,accepted
3204346807102639,accepted
3204345708102640,rejected
3211171001102641,rejected
3204347108102642,accepted
3204347012102643,accepted
3204345103102644,accepted
3204345608102645,accepted
3204346505102646,accepted
3204343007102647,accepted
3204342207102648,accepted
3204347008102649,rejected
3204341005102650,rejected
3204345001102651,accepted
3204344310102652,rejected
3204345309102653,rejected
3204340606102654,accepted
3204344101102655,rejected
3204344304102656,rejected
3204344912102657,rejected
3204345102102658,rejected
3204344510102659,rejected
3204345308102660,accepted
3204344910102661,accepted
3204345603102662,rejected
3204346003102663,rejected
3204346010102664,accepted
3204346103102665,rejected
3204346807102666,accepted
3204344510102667,rejected
3204346009102668,rejected
3204345510102669,rejected
3204341212102670,rejected
3204340804102671,accepted
3204142303102672,rejected
3204341707102673,accepted
3204347107102674,rejected
3204340402102675,rejected
3204340806102676,accepted
3204343070102677,rejected
3204344104102678,rejected
3204340611102679,rejected
3204346908102680,rejected
3204346006102681,rejected
3204346010102682,rejected
3204347012102683,accepted
3204345512102684,accepted
3204344107102685,accepted
3204346210102686,rejected
3204345411102687,rejected
3204344508102688,rejected
3204342006102689,rejected
3204376009102690,accepted
3204377110102691,rejected
3204375208102692,accepted
3204374908102693,rejected
3204376412102694,rejected
3204376001102695,rejected
3204374105102696,accepted
3204155033102697,rejected
3204375602102698,accepted
3204374901102699,accepted
3204376301102700,accepted
3204374202102701,accepted
3204375507102702,rejected
3204375210102703,rejected
3204375710102704,accepted
3204465207102705,rejected
3204370202102706,rejected
3204374705102707,accepted
3204377001102708,accepted
3204376307102709,rejected
3204374512102710,rejected
3204376608102711,rejected
3204374701102712,rejected
3204374504102713,rejected
3204374303102714,accepted
3204371607102715,rejected
3204371206102716,rejected
3204374910102717,accepted
3204374308102718,rejected
3204375605102719,rejected
3204377101102720,accepted
3204374107102721,rejected
3204376010102722,accepted
3204375006102723,accepted
3204374603102724,accepted
3204374512102725,rejected
3204370512102726,rejected
3204374708102727,rejected
3204374507102728,accepted
3204371704102729,accepted
3204374308102730,accepted
3204374801102731,accepted
3204376208102732,rejected
3204374706102733,rejected
3204376104102734,rejected
3204170710102735,accepted
3204375011102736,accepted
3204374607102737,rejected
3204374909102738,rejected
3204375211102739,accepted
3204377112102740,accepted
3204376611102741,rejected
3204376107102742,accepted
3204374808102743,rejected
3204371003102744,rejected
3204375901102745,rejected
3204376208102746,rejected
3204370410102747,rejected
3204371303102748,rejected
3204372405102749,rejected
3204370708102750,accepted
3204375608102751,rejected
3204371111102752,accepted
3204371607102753,rejected
3204376108102754,rejected
3204374505102755,accepted
3204375008102756,accepted
3204376110102757,accepted
3204376706102758,rejected
3204375107102759,accepted
3204374108102760,rejected
3204374107102761,accepted
3204374101102762,rejected
3204374508102763,rejected
3204375011102764,rejected
3204376512102765,accepted
3204374204102766,rejected
3204375210102767,rejected
3204376512102768,accepted
3204376806102769,rejected
3204376103102770,accepted
3204372407102771,accepted
3204371101102772,accepted
3204376312102773,rejected
3204374807102774,accepted
3204374107102775,rejected
3204374502102776,accepted
3204374101102777,accepted
3204374708102778,accepted
3204370202102779,rejected
3204376005102780,rejected
3204370610102781,accepted
3204376011102782,rejected
3204375609102783,rejected
3204374101102784,rejected
3204374207102785,accepted
3204374311102786,rejected
3204370605102787,rejected
3204375903102788,accepted
3204374903102789,rejected
